parameter,value,rmse_mean,rmse_std,rmse_sem,n_seeds
alpha_phi,0.5,0.1819071124599418,0.05779343146057189,0.010551588695527988,30
alpha_phi,1.0,0.11393678044486832,0.023806264452401287,0.004346409350171185,30
alpha_phi,1.5,0.10038969385155026,0.01788069587040121,0.003264553490702738,30
alpha_phi,2.0,0.26669661698562275,0.02105071990305531,0.0038433180475421188,30
alpha_phi,2.5,1.2333872616741013,0.020470979205707212,0.0037374723617283425,30
alpha_phi,3.0,1.6496852506626247,0.04089681363640311,0.007466702452914287,30
