parameter,value,rmse_mean,rmse_std,rmse_sem,n_seeds
alpha_phi,0.5,0.17174210749488694,0.04267083647814496,0.007790593228898097,30
alpha_phi,1.0,0.11153946023170636,0.024580454756872504,0.004487756514691411,30
alpha_phi,1.5,0.10148462095330187,0.021562973191587384,0.003936842274637192,30
alpha_phi,2.0,0.2599650722668331,0.023501608485104016,0.004290787034982094,30
alpha_phi,2.5,1.2209783631263884,0.02515344487239663,0.004592369718524763,30
alpha_phi,3.0,1.6448872015385305,0.04057649928415342,0.007408221320841017,30
