SNR_dB,sqrt_PCRB_tau,sqrt_PCRB_nu,sqrt_PCRB_phi,RMSE_EKF_tau,RMSE_EKF_nu,RMSE_EKF_phi,RMSE_IEKF-4_tau,RMSE_IEKF-4_nu,RMSE_IEKF-4_phi,RMSE_GN-6_tau,RMSE_GN-6_nu,RMSE_GN-6_phi,RMSE_DU-tun-6_tau,RMSE_DU-tun-6_nu,RMSE_DU-tun-6_phi,efficiency_DU_tau,efficiency_DU_nu,efficiency_DU_phi
0,0.119474,0.029840,0.076300,0.188508,0.219917,1.152583,0.178079,0.263323,0.928397,0.160623,0.195308,0.873009,0.150934,0.130648,0.852084,1.596,19.170,124.714
5,0.088083,0.028431,0.051385,0.143812,0.223628,1.112238,0.121759,0.280000,0.812483,0.110181,0.189430,0.690458,0.105060,0.121240,0.628279,1.423,18.185,149.497
10,0.066454,0.027213,0.034399,0.105598,0.221531,1.083005,0.081636,0.371889,0.715020,0.078810,0.176182,0.519875,0.076553,0.106083,0.420032,1.327,15.196,149.099
15,0.051459,0.025790,0.023478,0.102803,0.200584,1.101146,0.060894,0.359763,0.550058,0.059137,0.143640,0.413607,0.057246,0.090251,0.296946,1.238,12.246,159.971
20,0.042244,0.024189,0.017424,0.077476,0.175484,1.081219,0.049125,0.324088,0.532295,0.047158,0.112930,0.369068,0.046671,0.066950,0.268397,1.221,7.661,237.276
