L,GN_mean,DU_mean,EKF
2,5.64296875,4.4125,7.971875
4,3.2239583333333335,3.277604166666667,7.971875
6,2.23203125,2.603125,7.971875
8,1.7013020833333334,2.428125,7.971875
