T_us,PCRB,GN,DU
50.0,0.039269296533918925,0.0459111449512505,0.06319658874797149
100.0,0.027465450852222528,0.03276128247254732,0.04792732000594836
200.0,0.020051612169371076,0.023665345820030027,0.03447865317723021
400.0,0.014766000187978879,0.017417047553378192,0.02496720078191839
