SNR,PCRB,EKF_mean,GN-6_mean,DU-tun-6_mean
0,0.17079638247274206,0.9097492991257786,0.6731884125506457,0.6773542674936677
5,0.11330108783095612,0.8453512084433842,0.5288330172245357,0.5188073390641541
10,0.0811550163775176,0.7702320434460275,0.40060970140762675,0.36341172368428754
15,0.06244625841302536,0.7600447422714847,0.3084565123028144,0.2804869090266084
20,0.05178017550110402,0.755257035425071,0.27081501456353296,0.22804509344430982
