method,mean,std
EKF,0.7495175931261815,0.05126953161768737
GN-6,0.3844609942498251,0.027065766003593148
DU-tun-6,0.3331733865552305,0.01072719965785277
