SNR,EKF_mean,EKF_std,GN-6_mean,GN-6_std,DU-tun-6_mean,DU-tun-6_std
0,24.1184375,4.646098245436702,20.7184375,2.481001522508098,23.02375,2.3150339579717834
5,13.1871875,4.996314794269622,7.79625,2.1034301877379957,10.300625,2.246567607623906
10,8.38625,4.8051191777624,2.42875,1.4568070286589094,2.6715625,1.0484374534277188
15,8.15875,5.196192228148897,1.349375,0.9299369938334533,0.285625,0.3553585337374073
20,8.050625,5.335661879777662,1.1265625,0.9156943233142816,0.0675,0.1609129228806686
