method,mean,std
EKF,0.7469165142601047,0.051205159438733015
GN-6,0.3816142064012216,0.026905580658788838
DU-tun-6,0.3601090213190811,0.00987015654784318
