SNR,PCRB,EKF_mean,GN-6_mean,DU-tun-6_mean
0,0.17079638247274206,0.9170621835729688,0.6770321521190162,0.6775222330213303
5,0.11330108783095612,0.8476815430917654,0.5304391054568945,0.5061038325720861
10,0.0811550163775176,0.7724733170947257,0.4032560848331468,0.33825210723577614
15,0.06244625841302536,0.7622810668672956,0.311129406997636,0.2460573860664185
20,0.05178017550110402,0.7559221151202179,0.27358392301426726,0.1961008832726353
