L,GN_mean,GN_std,DU_mean,DU_std
2,0.6147193161775634,0.04670242742442829,0.4615766737227315,0.017070250313456103
4,0.4609519215728847,0.03435003524253767,0.3976025122451771,0.017558945021654903
6,0.3844609942498251,0.027065766003593148,0.3331733865552305,0.01072719965785277
8,0.32949370011451845,0.021720636349135555,0.3247324843179616,0.01039458713826766
