amplitude,p=0.01,p=0.02,p=0.05,p=0.1
0.5pi,-102.27762463425279,-91.23651127494578,-71.75050488718911,-51.02900179761127
1.0pi,8.256549697958818,18.12889353384841,24.848000268698943,31.698216848130944
1.5pi,-99.46287157631566,-88.15562417791531,-71.38122832893498,-55.23982605365199
