phi_scale,mean,std
0.5,0.610174215615849,0.029733244054502447
1.0,0.46189796685187273,0.021357216148892983
1.5,0.3764112337222277,0.01592139823919084
2.0,0.36179125110103855,0.014177237905942205
2.5,1.641216513505905,0.02802513156695895
3.0,1.902431801915971,0.031381036201341125
