L,GN_mean,GN_std,DU_mean,DU_std
2,0.6120153042510564,0.04654902334297714,0.4725301167084811,0.016597785352513907
4,0.45961580417238473,0.03449241998680557,0.41326943910957287,0.0162457062158226
6,0.3816142064012216,0.026905580658788838,0.3601090213190811,0.00987015654784318
8,0.32571280853154305,0.0212459005307016,0.3509465676512979,0.008019590136106886
