SNR,PCRB,EKF_mean,GN-6_mean,DU-tun-6_mean
0,0.17079638247274206,0.9170621835729679,0.6770321521190162,0.6775222330213306
5,0.11330108783095612,0.8476815430917661,0.5304391054568945,0.5061038325720866
10,0.0811550163775176,0.7724733170947257,0.4032560848331469,0.33825210723577565
15,0.06244625841302536,0.7622810668672938,0.31112940699763614,0.246057386066418
20,0.05178017550110402,0.75592211512022,0.2735839230142672,0.1961008832726322
