L,GN_mean,GN_std,DU_mean,DU_std
2,0.6120153042510564,0.04654902334297715,0.4725301167084811,0.016597785352513914
4,0.45961580417238485,0.034492419986805585,0.41326943910956937,0.016245706215821127
6,0.3816142064012217,0.026905580658788848,0.36010902131908135,0.009870156547843267
8,0.32571280853154305,0.021245900530701585,0.35094656765129684,0.008019590136106673
