amplitude,p=0.01,p=0.02,p=0.05,p=0.1
0.5pi,-137.26631897842637,-120.70340986588366,-91.11155269982054,-63.75509581420599
1.0pi,-5.494638736717027,11.115425388103297,23.589249674394555,30.591748517962124
1.5pi,-132.82793594648038,-116.61928730442182,-90.29023148066993,-68.68828135240429
