phi_scale,mean,std
0.5,0.6067108423334947,0.029435738263825204
1.0,0.4596012257850565,0.021291995577272696
1.5,0.37311908782223907,0.015821116012276024
2.0,0.3824343133330954,0.013022756639131536
2.5,1.6484508431433555,0.021837642408815153
3.0,1.848419978235261,0.018502481376808357
