L,GN_mean,GN_std,DU_mean,DU_std
2,0.6147193161775635,0.046702427424428296,0.4615766737227314,0.017070250313456093
4,0.4609519215728847,0.03435003524253767,0.3976025122451652,0.017558945021651496
6,0.3844609942498251,0.027065766003593155,0.33317338655523004,0.010727199657852758
8,0.32949370011451845,0.021720636349135552,0.3247324843179652,0.01039458713826884
