method,mean,std
EKF,0.7469165142601042,0.05120515943873294
GN-6,0.3816142064012217,0.026905580658788848
DU-tun-6,0.36010902131908135,0.009870156547843267
