method,mean,std
EKF,0.7495175931261814,0.051269531617687374
GN-6,0.3844609942498251,0.027065766003593155
DU-tun-6,0.33317338655523004,0.010727199657852758
