T_us,PCRB,GN,DU
50.0,0.03926929653391892,0.04597204089038404,0.0741059955663188
100.0,0.02746545085222253,0.032753265419156366,0.056151340883973146
200.0,0.020051612169371076,0.023652196459737932,0.03893097677447663
400.0,0.014766000187978879,0.017392204540230653,0.027674212967156588
