ADC_bits,EKF_mean,GN-6_mean,DU-tun-6_mean
2,12.56015625,5.94140625,4.215625
3,11.220703125,4.396875,2.921875
4,10.734765625,4.018359375,3.359375
6,10.73515625,3.970703125,3.778125
8,10.76484375,3.908984375,3.82578125
